[{"model": "auth.user", "pk": 1, "fields": {"password": "pbkdf2_sha256$260000$Iuhyf1BfpnxOvUbmQncb5k$M5KxgvA/D5tWSgWNC7q/QiHBzaG0m5ue81mDai6Sfdo=", "last_login": "2022-08-31T08:30:12Z", "is_superuser": true, "username": "admin", "first_name": "Администратор", "last_name": "", "email": "admin@example.ru", "is_staff": true, "is_active": true, "date_joined": "2022-08-31T04:21:07Z", "groups": [], "user_permissions": []}}, {"model": "auth.user", "pk": 2, "fields": {"password": "pbkdf2_sha256$260000$WtYJRp9BuEG4Oe6IbLH4xb$dy5OuFK/80S9PknBqPIrrd7Fxh3d5KFInzAGfxlh21Q=", "last_login": null, "is_superuser": false, "username": "test", "first_name": "Тестовый пользователь", "last_name": "", "email": "test@example.ru", "is_staff": false, "is_active": true, "date_joined": "2022-08-31T09:45:02Z", "groups": [], "user_permissions": []}}, {"model": "accounts.jobtitle", "pk": 1, "fields": {"name": "Неизвестно", "description": "Должность неопределена"}}, {"model": "accounts.jobtitle", "pk": 2, "fields": {"name": "Администратор системы", "description": "Администратор системы"}}, {"model": "accounts.profile", "pk": 1, "fields": {"user": 1, "company": 1, "title": 2}}, {"model": "accounts.profile", "pk": 2, "fields": {"user": 2, "company": 1, "title": 1}}, {"model": "core.company", "pk": 1, "fields": {"full_name": "Неизвестно", "short_name": "Неизвестно", "ogrn": "Неизвестно", "grn": "Неизвестно", "address_le": "Неизвестно", "description": "Неизвестно", "created": "2022-08-31", "update": "2022-08-31", "status": "unreliable"}}, {"model": "core.company", "pk": 2, "fields": {"full_name": "YZT SYSTEMS", "short_name": "YZT", "ogrn": "12345", "grn": "12345", "address_le": "г. Самара", "description": "Описание", "created": "2022-08-31", "update": "2022-08-31", "status": "reliable"}}, {"model": "core.company", "pk": 3, "fields": {"full_name": "ООО \"Рога и Копыта\"", "short_name": "Рога и Копыта", "ogrn": "6778347894", "grn": "09876", "address_le": "г. Бобруйск", "description": "Описание", "created": "2022-08-31", "update": "2022-08-31", "status": "indefined"}}, {"model": "equipment.equipment", "pk": 1, "fields": {"name": "Кронблок", "uid": "9e9ee1e2-e671-4cbb-a09b-091d655fa599", "banner": "", "description": ""}}, {"model": "equipment.equipment", "pk": 2, "fields": {"name": "Вышка", "uid": "1c1f84be-5563-4efd-88bb-daef501e60e7", "banner": "", "description": ""}}, {"model": "equipment.equipment", "pk": 3, "fields": {"name": "Полати", "uid": "fadceae7-9ead-4733-8098-2b031bc4f610", "banner": "", "description": ""}}, {"model": "equipment.equipment", "pk": 4, "fields": {"name": "Талевый блок", "uid": "c6df2557-b146-4e4f-9853-44a2250fbf86", "banner": "", "description": ""}}, {"model": "equipment.equipment", "pk": 5, "fields": {"name": "Подвеска вертлюга", "uid": "6a5d037c-bc4f-4b4d-9a34-facf28cdfeb8", "banner": "", "description": ""}}, {"model": "equipment.equipment", "pk": 6, "fields": {"name": "Вертлюг", "uid": "c592c3e9-4bd9-493c-9fee-4c13aa57faa0", "banner": "", "description": ""}}, {"model": "equipment.equipment", "pk": 7, "fields": {"name": "Грязевый шланг", "uid": "85a3609a-fc83-4a5e-9168-d0ea0a809f5d", "banner": "", "description": ""}}, {"model": "equipment.equipment", "pk": 8, "fields": {"name": "Откос вышки", "uid": "bc68f612-bba3-48ba-9b6f-769f2f5d84d0", "banner": "", "description": ""}}, {"model": "equipment.equipment", "pk": 9, "fields": {"name": "Маршевая лестница", "uid": "32976cce-63ba-4642-915b-e6b84556472d", "banner": "", "description": ""}}, {"model": "equipment.equipment", "pk": 10, "fields": {"name": "Приемный мосток", "uid": "35796486-dd94-497d-add6-bcb4aa6ffce7", "banner": "", "description": ""}}, {"model": "equipment.equipment", "pk": 11, "fields": {"name": "Стеллаж для буровых труб", "uid": "b797c350-33df-464c-8562-287c6cb9f9a4", "banner": "", "description": ""}}, {"model": "equipment.equipment", "pk": 12, "fields": {"name": "Вибросито", "uid": "034f36f2-0bbe-4e28-a1b7-a29ac89df0ca", "banner": "", "description": ""}}, {"model": "equipment.equipment", "pk": 13, "fields": {"name": "Стояк", "uid": "8da84e14-b908-4fe2-a184-37fff6cc1bf0", "banner": "", "description": ""}}, {"model": "equipment.equipment", "pk": 14, "fields": {"name": "Приемная емкость", "uid": "cf1261b9-1bf2-482e-ab5b-28e0288a8b76", "banner": "", "description": ""}}, {"model": "equipment.equipment", "pk": 15, "fields": {"name": "Цепной суммирующий редуктор", "uid": "ba761cf6-bfb4-4ad0-abd0-13277b326119", "banner": "", "description": ""}}, {"model": "equipment.equipment", "pk": 16, "fields": {"name": "Буровой насос БРН-1", "uid": "b47cc9e5-2a4f-4494-aeb4-e7c03c073e4b", "banner": "", "description": ""}}, {"model": "equipment.equipment", "pk": 17, "fields": {"name": "Водяной насос", "uid": "ce4be87d-25d0-4986-8936-54acd25f423a", "banner": "", "description": ""}}, {"model": "equipment.equipment", "pk": 18, "fields": {"name": "Ресивер", "uid": "49a19e7c-a36d-4837-8aad-608a866ec775", "banner": "", "description": ""}}, {"model": "equipment.equipment", "pk": 19, "fields": {"name": "Воздушный фильтр", "uid": "45a72995-1c09-4b38-8c9c-398b65c5715f", "banner": "", "description": ""}}, {"model": "equipment.equipment", "pk": 20, "fields": {"name": "Топливная установка (ГСМ)", "uid": "ced059c4-2030-4268-86e9-49896dccd386", "banner": "", "description": ""}}, {"model": "equipment.equipment", "pk": 21, "fields": {"name": "Емкость масляная (ГСМ)", "uid": "539a01bd-0ad5-451a-b798-8ffa06ae346e", "banner": "", "description": ""}}, {"model": "equipment.equipment", "pk": 22, "fields": {"name": "Дизель САТ-450", "uid": "f7b2da14-4071-4e18-b483-3fd7ebe8cdca", "banner": "", "description": ""}}, {"model": "equipment.equipment", "pk": 23, "fields": {"name": "КПП лебедки", "uid": "a424195a-defe-42f2-9c8a-15735e2587c2", "banner": "", "description": ""}}, {"model": "equipment.equipment", "pk": 24, "fields": {"name": "Лебедка", "uid": "3fcabfce-758e-4c3d-b15b-805f1784f06b", "banner": "", "description": ""}}, {"model": "equipment.equipment", "pk": 25, "fields": {"name": "Дизель-генераторная установка ДЭС-100", "uid": "dac3674e-dfb4-424b-b429-d9284c173406", "banner": "", "description": ""}}, {"model": "equipment.equipment", "pk": 26, "fields": {"name": "Привод компрессора", "uid": "e00c6e7e-5a12-45d3-9f80-181b7115e218", "banner": "", "description": ""}}, {"model": "equipment.equipment", "pk": 27, "fields": {"name": "Успокоитель каната", "uid": "7c079910-81d6-4d1b-95c6-49e1d600b5b7", "banner": "", "description": ""}}, {"model": "equipment.equipment", "pk": 28, "fields": {"name": "Компрессор", "uid": "cd68d451-4086-4eea-bcc6-860ea69ce0c9", "banner": "", "description": ""}}, {"model": "equipment.equipment", "pk": 29, "fields": {"name": "Ротор Р-500-Ш8", "uid": "05745d91-01f2-4665-887a-227c397b9702", "banner": "", "description": ""}}, {"model": "equipment.equipment", "pk": 30, "fields": {"name": "Основание", "uid": "a2d83fbe-4fed-4ba7-afbe-555b690af994", "banner": "", "description": ""}}, {"model": "rig.rig", "pk": 1, "fields": {"name": "БУ 80 БрД", "uid": "ffe16566-bba8-4255-9d95-1b9903527416", "banner": "", "description": "", "status": "working", "equipments": [16, 6, 12, 17, 19, 2, 7, 22, 25, 21, 23, 28, 1, 24, 9, 30, 8, 5, 3, 26, 14, 10, 18, 29, 11, 13, 4, 20, 27, 15]}}, {"model": "rig.rig", "pk": 2, "fields": {"name": "БУ 81 БрД", "uid": "38c3929d-8095-4d0c-9603-c9bf5414975e", "banner": "", "description": "Снят буровой насос", "status": "scheduled_maintenance", "equipments": [6, 12, 17, 19, 2, 7, 22, 25, 21, 23, 28, 1, 24, 9, 30, 8, 5, 3, 26, 14, 10, 18, 29, 11, 13, 4, 20, 27, 15]}}, {"model": "well.field", "pk": 1, "fields": {"name": "Месторождение #1", "uid": "6dd20cbd-fabd-4dde-87c1-00afd97df64d", "description": "Описание", "geo": "Координаты #1 месторождения"}}, {"model": "well.field", "pk": 2, "fields": {"name": "Месторождение #2", "uid": "7f10d1bf-cef0-48ba-b172-6dcc93575d8a", "description": "Описание месторождения", "geo": "Координаты #2 месторождения"}}, {"model": "well.field", "pk": 3, "fields": {"name": "Месторождение #3", "uid": "00f26d54-8cc3-4191-b65f-8621c396f7fe", "description": "Описание месторождения", "geo": "Координаты #3 месторождения"}}, {"model": "well.statuswell", "pk": 1, "fields": {"name": "abandoned", "description": "Статус объекта, на котором операции по бурению, закачиванию и добыче прекращены навсегда."}}, {"model": "well.statuswell", "pk": 2, "fields": {"name": "active", "description": "Для того, чтобы скважина была активной, должен быть активен хотя бы один из ее стволов. Для того, чтобы ствол скважины был активным, по крайней мере одно из его заканчиваний должно активно добывать или нагнетать жидкости."}}, {"model": "well.statuswell", "pk": 3, "fields": {"name": "active -- injecting", "description": "Жидкости активно закачиваются в объект."}}, {"model": "well.statuswell", "pk": 4, "fields": {"name": "active -- producing", "description": "Жидкости активно добываются на объекте."}}, {"model": "well.statuswell", "pk": 5, "fields": {"name": "completed", "description": "Комплектация установлена, но объект еще не активен. Этот статус подходит только до первоначальной деятельности по добыче или закачке."}}, {"model": "well.statuswell", "pk": 6, "fields": {"name": "drilling", "description": "Состояние скважины или ствола скважины, в котором буровые работы начаты, но еще не завершены. Статус заканчивается, когда другой статус становится подходящим."}}, {"model": "well.statuswell", "pk": 7, "fields": {"name": "partially plugged", "description": "Ствол скважины был закупорен снизу, но только частично до точки, где он пересекает другой ствол скважины."}}, {"model": "well.statuswell", "pk": 8, "fields": {"name": "permitted", "description": "Объект получил разрешение регулирующих органов, но бурение еще не началось. Для скважины она была забурена. Для последующего ствола скважины клин-отклонитель или аналогичное устройство еще не установлено."}}, {"model": "well.statuswell", "pk": 9, "fields": {"name": "plugged and abandoned", "description": "Заброшенная скважина (или ствол скважины), стволы которой были закупорены таким образом, чтобы предотвратить миграцию нефти, газа, соленой воды или другого вещества из одного пласта в другой. Общие критерии для этого статуса контролируется контролирующими органами."}}, {"model": "well.statuswell", "pk": 10, "fields": {"name": "proposed", "description": "Статус скважины или ствола скважины от концепции до утверждения регулирующими органами или начала бурения."}}, {"model": "well.statuswell", "pk": 11, "fields": {"name": "sold", "description": "Объект был продан, поэтому более нецелесообразно сохранять близкое внутреннее значение статуса. Значения статуса можно добавить позже, не меняя статус продан."}}, {"model": "well.statuswell", "pk": 12, "fields": {"name": "suspended", "description": "Добыча или закачка временно приостановлены таким образом, чтобы можно было немедленно возобновить деятельность."}}, {"model": "well.statuswell", "pk": 13, "fields": {"name": "temporarily abandoned", "description": "Добыча или закачка были временно приостановлены таким образом, что это не позволяет немедленно возобновить деятельность."}}, {"model": "well.statuswell", "pk": 14, "fields": {"name": "testing", "description": "Работа объекта приостановлена на время проведения испытаний для определения пластовых и/или коллекторских свойств. Например, испытание бурильной колонны. Этот статус также включает расширенное испытание."}}, {"model": "well.statuswell", "pk": 15, "fields": {"name": "tight", "description": "Информация о состоянии скважины является конфиденциальной. Это более явное значение, чем неизвестное, поскольку указывает причину, по которой значение состояния неизвестно."}}, {"model": "well.statuswell", "pk": 16, "fields": {"name": "working over", "description": "Техническое обслуживание или сбор данных о скважине на этапе добычи. Это включает в себя любую соответствующую работу, которую можно выполнить, пока скважина закрыта. Сюда входят многие работы, которые происходят при повторном входе в скважину."}}, {"model": "well.statuswell", "pk": 17, "fields": {"name": "unknown", "description": "Значение неизвестно. Это значение не следует использовать в обычных ситуациях. Следует предпринять все разумные попытки определить подходящее значение. Использование этого значения в некоторых ситуациях может привести к отклонению."}}, {"model": "well.purposewell", "pk": 1, "fields": {"name": "appraisal", "description": "Скважина, пробуренная в пласте, потенциально продуктивном для нефти или газа, с помощью более ранней скважины с целью получения дополнительной информации о пласте. Также известна как оконтуривающая скважина."}}, {"model": "well.purposewell", "pk": 2, "fields": {"name": "appraisal -- confirmation appraisal", "description": "Оценочная скважина, обычно пробуренная в месте, которое интерпретируется как находящееся в пласте, целью которой является подтверждение интерпретации."}}, {"model": "well.purposewell", "pk": 3, "fields": {"name": "appraisal -- exploratory appraisal", "description": "Оценочная скважина, обычно пробуренная в районе, не являющемся частью пласта, целью которого является определение протяженности пласта."}}, {"model": "well.purposewell", "pk": 4, "fields": {"name": "exploration", "description": "Разведочная скважина, пробуренная в неподтвержденной области для проверки нового месторождения, новой рентабильности, более глубокого или мелкого пласта. Также известна как \"дикая кошка\"."}}, {"model": "well.purposewell", "pk": 5, "fields": {"name": "exploration -- deeper-pool wildcat", "description": "Разведочная скважина, пробуренная для поиска дополнительных залежей углеводородов в непосредственной близости от известных залежей углеводородов, но на более глубоких стратиграфических уровнях, чем известные залежи."}}, {"model": "well.purposewell", "pk": 6, "fields": {"name": "exploration -- new-field wildcat", "description": "Разведочная скважина, пробуренная для поиска залежей углеводородов на относительно значительном расстоянии за пределами известных залежей углеводородов, как эти пределы понимались в то время."}}, {"model": "well.purposewell", "pk": 7, "fields": {"name": "exploration -- new-pool wildcat", "description": "Разведочная скважина, пробуренная для поиска дополнительных залежей углеводородов в непосредственной близости и на том же стратиграфическом уровне, что и известные залежи."}}, {"model": "well.purposewell", "pk": 8, "fields": {"name": "exploration -- outpost wildcat", "description": "Разведочная скважина, пробуренная для поиска дополнительных залежей углеводородов или для расширения границ известной залежи путем поиска в том же интервале на некотором расстоянии от известной залежи."}}, {"model": "well.purposewell", "pk": 9, "fields": {"name": "exploration -- shallower-pool wildcat", "description": "Разведочная скважина, пробуренная для поиска дополнительных залежей углеводородов в непосредственной близости, но на более мелких стратиграфических уровнях, чем известные залежи."}}, {"model": "well.purposewell", "pk": 10, "fields": {"name": "development", "description": "Скважина, пробуренная в зоне на участке, уже доказавшем свою продуктивность."}}, {"model": "well.purposewell", "pk": 11, "fields": {"name": "development -- infill development", "description": "Эксплуатационная скважина, пробуренная для заполнения между установленными скважинами, обычно часть программы бурения с целью уменьшения расстояния между скважинами для увеличения добычи."}}, {"model": "well.purposewell", "pk": 12, "fields": {"name": "development -- injector", "description": "Разведочная скважина, пробуренная с целью нагнетания жидкости в пласт с целью улучшения добычи из пласта."}}, {"model": "well.purposewell", "pk": 13, "fields": {"name": "development -- producer", "description": "Разведочная скважина, пробуренная с целью добычи жидкости."}}, {"model": "well.purposewell", "pk": 14, "fields": {"name": "fluid storage", "description": "Скважина, пробуренная для хранения жидкости - обычно либо углеводородов, либо удаления отходов."}}, {"model": "well.purposewell", "pk": 15, "fields": {"name": "fluid storage -- gas storage", "description": "Скважина, пробуренная с целью закачки газа в пластовую породу в качестве хранилища."}}, {"model": "well.purposewell", "pk": 16, "fields": {"name": "general srvc", "description": "Скважина, пробуренная с целью оказания общих услуг, а не добычи или закачки жидкостей. Примерами таких услуг являются геологические испытания, сброс давления (для выбросов), а также мониторинг и наблюдение."}}, {"model": "well.purposewell", "pk": 17, "fields": {"name": "general srvc -- borehole re-acquisition", "description": "Служебная скважина, пробуренная для пересечения другой скважины под поверхностью с целью продления срока службы скважины, поверхностный ствол которой был потерян или поврежден."}}, {"model": "well.purposewell", "pk": 18, "fields": {"name": "general srvc -- observation", "description": "Служебная скважина, пробуренная с целью мониторинга жидкостей в пласте или наблюдения за некоторыми другими подземными явлениями. Также называется контрольной скважиной."}}, {"model": "well.purposewell", "pk": 19, "fields": {"name": "general srvc -- relief", "description": "Служебная скважина, пробуренная с определенной целью для обеспечения связи в какой-то точке под поверхностью с другой скважиной, которая вышла из-под контроля."}}, {"model": "well.purposewell", "pk": 20, "fields": {"name": "general srvc -- research", "description": "Скважина, пробуренная с целью получения информации о стратиграфии, о практике бурения, для каротажных испытаний или других подобных целей. Обнаружение промышленных запасов углеводородов не ожидается."}}, {"model": "well.purposewell", "pk": 21, "fields": {"name": "general srvc -- research -- drill test", "description": "Исследовательская скважина, пробуренная для проверки пригодности определенного типа оборудования или практики бурения."}}, {"model": "well.purposewell", "pk": 22, "fields": {"name": "general srvc -- research -- strat test", "description": "Исследовательская скважина, пробуренная с целью сбора геологической информации о стратиграфии местности. В эту категорию будет включена скважина C.O.S.T.."}}, {"model": "well.purposewell", "pk": 23, "fields": {"name": "general srvc -- waste disposal", "description": "Служебная скважина, пробуренная с целью закачки сточных вод, промышленных отходов или других сточных жидкостей в недра для удаления."}}, {"model": "well.purposewell", "pk": 24, "fields": {"name": "mineral", "description": "Скважина E и P, не связанная с нефтью и газом, пробуренная с целью обнаружения и / или извлечения полезных ископаемых из недр, обычно путем закачки и / или извлечения минеральных жидкостей."}}, {"model": "well.purposewell", "pk": 25, "fields": {"name": "unknown", "description": "Значение неизвестно. Это значение не следует использовать в обычных ситуациях. Необходимо предпринять все разумные попытки для определения подходящего значения. Использование этого значения в некоторых ситуациях может привести к отклонению."}}, {"model": "well.well", "pk": 1, "fields": {"name": "Скважина #1", "uid": "9e756c75-0f1d-4960-a30a-521611d2c8be", "banner": "", "nameLegal": "Юр. Тестовая скважина", "numLicense": "ЛН-4315", "dTimLicense": "2022-08-31", "field": 1, "country": "Страна", "state": "Область", "county": "Район", "region": "Гео. регион", "district": "Гео. район", "block": "Блок №1", "timeZone": "04:00", "operator": 2, "operatorDiv": "Подразделение", "statusWell": 6, "purposeWell": 10, "dTimSpud": "2022-08-31", "dTimPa": "2023-08-31", "wellheadElevation": "50", "groundElevation": "500", "waterDepth": "0", "dTimCreation": "2022-08-31", "dTimLastChange": "2022-08-31", "description": "Описание скважины"}}, {"model": "well.typewellbore", "pk": 1, "fields": {"name": "bypass", "description": "Первоначальный ствол скважины пришлось ликвидировать до его окончательного использования. Этот ствол скважины бурится как другой ствол, но имеющий ту же цель, что и тот, который был заброшен."}}, {"model": "well.typewellbore", "pk": 2, "fields": {"name": "initial", "description": "Это первый ствол скважины, который был пробурен или предпринят в данной скважине."}}, {"model": "well.typewellbore", "pk": 3, "fields": {"name": "redrill", "description": "Производится перебуривание ствола скважины"}}, {"model": "well.typewellbore", "pk": 4, "fields": {"name": "reentry", "description": "Ствол скважины повторно входит в скважину после периода ликвидации."}}, {"model": "well.typewellbore", "pk": 5, "fields": {"name": "respud", "description": "Ствол скважина является частью существующей регулирующей скважины. Первоначальная скважина не достигла заданной глубины."}}, {"model": "well.typewellbore", "pk": 6, "fields": {"name": "sidetrack", "description": "Ствол скважины представляет собой отклонение от данного ствола скважины, которое образует ствол, отличный от других, и забой которого отличается от любого ранее существовавшего забоя ствола скважины."}}, {"model": "well.typewellbore", "pk": 7, "fields": {"name": "unknown", "description": "Значение не известно. Это значение не следует использовать в обычных ситуациях. Должны быть предприняты все разумные попытки определить подходящее значение. Использование этого значения в некоторых ситуациях может привести к отклонению."}}, {"model": "well.shape", "pk": 1, "fields": {"name": "build and hold", "description": "Конфигурация ствола скважины, в которой наклон увеличивается до некоторого конечного угла наклона и поддерживается под этим углом к заданному целевому."}}, {"model": "well.shape", "pk": 2, "fields": {"name": "deviated", "description": "Ствол скважины, значительно отклоняющийся от вертикали по отношению к поверхности."}}, {"model": "well.shape", "pk": 3, "fields": {"name": "double kickoff", "description": "Включает две тангенциальные (с постоянным, ненулевым наклоном) секции. Второй из которых должен быть под большим наклоном, чем первый."}}, {"model": "well.shape", "pk": 4, "fields": {"name": "horizontal", "description": "Ствол скважины, траектория которого отклоняется от вертикали не менее чем на 75 градусов."}}, {"model": "well.shape", "pk": 5, "fields": {"name": "S-shaped", "description": "Ствол скважины, пробуренный с вертикальным сегментом, наклонным сегментом и возвратом к вертикальному сегменту."}}, {"model": "well.shape", "pk": 6, "fields": {"name": "vertical", "description": "Ствол скважины, расположенный почти вертикально по отношению к поверхности."}}, {"model": "well.shape", "pk": 7, "fields": {"name": "unknown", "description": "Значение не известно. Это значение не следует использовать в обычных ситуациях. Должны быть предприняты все разумные попытки определить подходящее значение. Использование этого значения в некоторых ситуациях может привести к отклонению."}}, {"model": "well.wellbore", "pk": 1, "fields": {"name": "A-01", "uid": "a0257d38-6b5d-417e-9bbc-b0a2a1f2c44a", "nameWell": 1, "number": "1234-0987", "numGovt": "РГ-СС-0001", "statusWellbore": 6, "purposeWellbore": 10, "typeWellbore": 2, "shape": 6, "dTimKickoff": "2022-08-31T09:17:34Z", "md": "0", "tvd": "0", "mdKickoff": "0", "tvdKickoff": "0", "mdPlanned": "0", "tvdPlanned": "0", "mdSubSeaPlanned": "1500", "tvdSubSeaPlanned": "1398", "dayTarget": 38, "dTimCreation": "2022-08-31T09:17:34Z", "dTimLastChange": "2022-08-31T09:34:59.718Z", "description": "Описание ствола"}}, {"model": "well.wellbore", "pk": 2, "fields": {"name": "А-02", "uid": "6b6bf678-617f-4c43-aaa9-564a933fd1b4", "nameWell": 1, "number": "1234-0988", "numGovt": "РГ-СС-0002", "statusWellbore": 10, "purposeWellbore": 13, "typeWellbore": 2, "shape": 1, "dTimKickoff": "2022-08-31T09:17:47Z", "md": "0", "tvd": "0", "mdKickoff": "0", "tvdKickoff": "0", "mdPlanned": "0", "tvdPlanned": "0", "mdSubSeaPlanned": "", "tvdSubSeaPlanned": "", "dayTarget": 45, "dTimCreation": "2022-08-31T09:17:34Z", "dTimLastChange": "2022-08-31T09:17:34Z", "description": ""}}]